"Name","Calls","TotalDurationNs","AverageNs","Percentage"
"softmax_kernel_0d1d2d3d4d.kd",2,5560996,2780498,46.9479108291289
"void at::native::(anonymous namespace)::cunn_SoftMaxForward<8, c10::Half, float, c10::Half, at::native::(anonymous namespace)::SoftMaxForwardEpilogue>(c10::Half*, c10::Half*, int) [clone .kd]",2,1079207,539603,9.11105025110101
"void at::native::legacy::elementwise_kernel<512, 1, at::native::gpu_kernel_impl<at::native::direct_copy_kernel_cuda(at::TensorIteratorBase&)::{lambda()#2}::operator()() const::{lambda()#7}::operator()() const::{lambda(float)#1}>(at::TensorIteratorBase&, at::native::direct_copy_kernel_cuda(at::TensorIteratorBase&)::{lambda()#2}::operator()() const::{lambda()#7}::operator()() const::{lambda(float)#1} const&)::{lambda(int)#1}>(int, at::native::gpu_kernel_impl<at::native::direct_copy_kernel_cuda(at::TensorIteratorBase&)::{lambda()#2}::operator()() const::{lambda()#7}::operator()() const::{lambda(float)#1}>(at::TensorIteratorBase&, at::native::direct_copy_kernel_cuda(at::TensorIteratorBase&)::{lambda()#2}::operator()() const::{lambda()#7}::operator()() const::{lambda(float)#1} const&)::{lambda(int)#1}) [clone .kd]",2,1078726,539363,9.106989477615683
"void at::native::modern::elementwise_kernel<at::native::AbsFunctor<c10::Half>, at::detail::Array<char*, 2> >(int, at::native::AbsFunctor<c10::Half>, at::detail::Array<char*, 2>) [clone .kd]",3,634084,211361,5.353163190582652
"void at::native::modern::elementwise_kernel<at::native::BinaryFunctor<c10::Half, c10::Half, bool, at::native::(anonymous namespace)::CompareEqFunctor<c10::Half> >, at::detail::Array<char*, 3> >(int, at::native::BinaryFunctor<c10::Half, c10::Half, bool, at::native::(anonymous namespace)::CompareEqFunctor<c10::Half> >, at::detail::Array<char*, 3>) [clone .kd]",2,456163,228081,3.8510906764809625
"_ZN2at6native12_GLOBAL__N_143distribution_elementwise_grid_stride_kernelIfLi4EZNS0_9templates4cuda20normal_and_transformIN3c104HalfEfLm4EPNS_17CUDAGeneratorImplEZZZNS4_13normal_kernelIS9_EEvRKNS_10TensorBaseEddT_ENKUlvE_clEvENKUlvE1_clEvEUlfE_EEvRNS_18TensorIteratorBaseET2_T3_EUlP25hiprandStatePhilox4_32_10E0_ZNS1_27distribution_nullary_kernelIS7_fLi4ES9_SO_SH_EEvSJ_SK_RKSL_T4_EUlifE_EEviNS_15PhiloxCudaStateET1_SK_.kd",1,403683,403683,3.408035806397854
"void at::native::modern::elementwise_kernel<at::native::CUDAFunctor_add<c10::Half>, at::detail::Array<char*, 3> >(int, at::native::CUDAFunctor_add<c10::Half>, at::detail::Array<char*, 3>) [clone .kd]",1,343203,343203,2.8974420841679307
"void at::native::modern::elementwise_kernel<at::native::(anonymous namespace)::CompareFunctor<c10::Half>, at::detail::Array<char*, 3> >(int, at::native::(anonymous namespace)::CompareFunctor<c10::Half>, at::detail::Array<char*, 3>) [clone .kd]",1,276482,276482,2.334159614906973
"void at::native::modern::elementwise_kernel<at::native::CUDAFunctorOnSelf_add<c10::Half>, at::detail::Array<char*, 2> >(int, at::native::CUDAFunctorOnSelf_add<c10::Half>, at::detail::Array<char*, 2>) [clone .kd]",1,265601,265601,2.2422983336307856
"void at::native::modern::elementwise_kernel<at::native::BinaryFunctor<bool, bool, bool, at::native::binary_internal::MulFunctor<bool> >, at::detail::Array<char*, 3> >(int, at::native::BinaryFunctor<bool, bool, bool, at::native::binary_internal::MulFunctor<bool> >, at::detail::Array<char*, 3>) [clone .kd]",3,252641,84213,2.132885393152945
"void at::native::modern::elementwise_kernel<at::native::AUnaryFunctor<c10::Half, c10::Half, c10::Half, at::native::binary_internal::MulFunctor<float> >, at::detail::Array<char*, 2> >(int, at::native::AUnaryFunctor<c10::Half, c10::Half, c10::Half, at::native::binary_internal::MulFunctor<float> >, at::detail::Array<char*, 2>) [clone .kd]",1,252001,252001,2.1274822849811996
"void at::native::modern::elementwise_kernel<at::native::BinaryFunctor<bool, bool, bool, at::native::BitwiseAndFunctor<bool> >, at::detail::Array<char*, 3> >(int, at::native::BinaryFunctor<bool, bool, bool, at::native::BitwiseAndFunctor<bool> >, at::detail::Array<char*, 3>) [clone .kd]",3,249282,83094,2.1045275176078007
"void at::native::modern::elementwise_kernel<at::native::BinaryFunctor<bool, bool, bool, at::native::BitwiseOrFunctor<bool> >, at::detail::Array<char*, 3> >(int, at::native::BinaryFunctor<bool, bool, bool, at::native::BitwiseOrFunctor<bool> >, at::detail::Array<char*, 3>) [clone .kd]",1,239362,239362,2.02077934094575
"void at::native::(anonymous namespace)::CatArrayBatchedCopy<float, unsigned int, 1, 128, 1>(float*, at::native::(anonymous namespace)::CatArrInputTensorMetadata<float, unsigned int, 128, 1>, at::native::(anonymous namespace)::TensorSizeStride<unsigned int, 4u>, int, unsigned int) [clone .kd]",14,222241,15874,1.8762377549950469
"void at::native::modern::elementwise_kernel<at::native::AUnaryFunctor<c10::Half, c10::Half, bool, at::native::(anonymous namespace)::CompareEqFunctor<c10::Half> >, at::detail::Array<char*, 2> >(int, at::native::AUnaryFunctor<c10::Half, c10::Half, bool, at::native::(anonymous namespace)::CompareEqFunctor<c10::Half> >, at::detail::Array<char*, 2>) [clone .kd]",1,167041,167041,1.4102196751820215
"void at::native::reduce_kernel<512, 1, at::native::ReduceOp<bool, at::native::func_wrapper_t<bool, at::native::and_kernel_cuda(at::TensorIterator&)::{lambda()#1}::operator()() const::{lambda()#12}::operator()() const::{lambda(bool, bool)#1}>, unsigned int, bool, 4> >(at::native::ReduceOp<bool, at::native::func_wrapper_t<bool, at::native::and_kernel_cuda(at::TensorIterator&)::{lambda()#1}::operator()() const::{lambda()#12}::operator()() const::{lambda(bool, bool)#1}>, unsigned int, bool, 4>) [clone .kd]",1,97441,97441,0.8226316615047284
"void at::native::reduce_kernel<512, 1, at::native::ReduceOp<double, at::native::func_wrapper_t<double, at::native::MaxNanFunctor<double> >, unsigned int, double, 4> >(at::native::ReduceOp<double, at::native::func_wrapper_t<double, at::native::MaxNanFunctor<double> >, unsigned int, double, 4>) [clone .kd]",2,37760,18880,0.31878338213296814
"void at::native::reduce_kernel<512, 1, at::native::ReduceOp<double, at::native::func_wrapper_t<double, at::native::MinNanFunctor<double> >, unsigned int, double, 4> >(at::native::ReduceOp<double, at::native::func_wrapper_t<double, at::native::MinNanFunctor<double> >, unsigned int, double, 4>) [clone .kd]",2,37120,18560,0.3133802739612229
"void rocprim::detail::partition_kernel<(rocprim::detail::select_method)0, true, rocprim::detail::default_select_config<0u, long, rocprim::empty_type>, rocprim::counting_iterator<long, long>, rocprim::empty_type*, rocprim::transform_iterator<bool*, at::native::(anonymous namespace)::NonZeroOp<bool>, bool>, long*, rocprim::empty_type*, rocprim::empty_type, rocprim::detail::lookback_scan_state<unsigned int, false, true>, rocprim::empty_type>(rocprim::counting_iterator<long, long>, rocprim::empty_type*, rocprim::transform_iterator<bool*, at::native::(anonymous namespace)::NonZeroOp<bool>, bool>, long*, rocprim::empty_type*, unsigned long*, unsigned long*, unsigned long, unsigned long, rocprim::empty_type, rocprim::detail::lookback_scan_state<unsigned int, false, true>, unsigned int, rocprim::detail::ordered_block_id<unsigned int>, rocprim::empty_type) [clone .kd]",2,22880,11440,0.1931611171398917
"void at::native::legacy::elementwise_kernel<128, 4, at::native::gpu_kernel_impl<at::native::compare_scalar_kernel<double>(at::TensorIteratorBase&, at::native::(anonymous namespace)::OpType, double)::{lambda(double)#1}>(at::TensorIteratorBase&, at::native::compare_scalar_kernel<double>(at::TensorIteratorBase&, at::native::(anonymous namespace)::OpType, double)::{lambda(double)#1} const&)::{lambda(int)#4}>(int, at::native::gpu_kernel_impl<at::native::compare_scalar_kernel<double>(at::TensorIteratorBase&, at::native::(anonymous namespace)::OpType, double)::{lambda(double)#1}>(at::TensorIteratorBase&, at::native::compare_scalar_kernel<double>(at::TensorIteratorBase&, at::native::(anonymous namespace)::OpType, double)::{lambda(double)#1} const&)::{lambda(int)#4}) [clone .kd]",6,21440,3573,0.18100412375346495
"void at::native::index_elementwise_kernel<128, 4, at::native::gpu_index_kernel<at::native::index_kernel_impl<at::native::OpaqueType<4> >(at::TensorIteratorBase&, c10::ArrayRef<long>, c10::ArrayRef<long>)::{lambda(char*, char*, long)#1}>(at::TensorIteratorBase&, c10::ArrayRef<long>, c10::ArrayRef<long>, at::native::index_kernel_impl<at::native::OpaqueType<4> >(at::TensorIteratorBase&, c10::ArrayRef<long>, c10::ArrayRef<long>)::{lambda(char*, char*, long)#1} const&)::{lambda(int)#1}>(int, at::native::gpu_index_kernel<at::native::index_kernel_impl<at::native::OpaqueType<4> >(at::TensorIteratorBase&, c10::ArrayRef<long>, c10::ArrayRef<long>)::{lambda(char*, char*, long)#1}>(at::TensorIteratorBase&, c10::ArrayRef<long>, c10::ArrayRef<long>, at::native::index_kernel_impl<at::native::OpaqueType<4> >(at::TensorIteratorBase&, c10::ArrayRef<long>, c10::ArrayRef<long>)::{lambda(char*, char*, long)#1} const&)::{lambda(int)#1}) [clone .kd]",2,18560,9280,0.15669013698061146
"void rocprim::detail::block_reduce_kernel<true, rocprim::detail::wrapped_reduce_config<rocprim::default_config, int>, int, rocprim::transform_iterator<bool*, at::native::(anonymous namespace)::NonZeroOp<bool>, bool>, int*, bool, hipcub::detail::convert_result_type_wrapper<rocprim::transform_iterator<bool*, at::native::(anonymous namespace)::NonZeroOp<bool>, bool>, int*, hipcub::Sum> >(rocprim::transform_iterator<bool*, at::native::(anonymous namespace)::NonZeroOp<bool>, bool>, unsigned long, int*, bool, hipcub::detail::convert_result_type_wrapper<rocprim::transform_iterator<bool*, at::native::(anonymous namespace)::NonZeroOp<bool>, bool>, int*, hipcub::Sum>) [clone .kd]",2,18400,9200,0.15533935993767514
"void at::native::modern::elementwise_kernel<at::native::AUnaryFunctor<float, float, bool, at::native::(anonymous namespace)::CompareEqFunctor<float> >, at::detail::Array<char*, 2> >(int, at::native::AUnaryFunctor<float, float, bool, at::native::(anonymous namespace)::CompareEqFunctor<float> >, at::detail::Array<char*, 2>) [clone .kd]",4,17440,4360,0.1472346976800573
"void at::native::modern::elementwise_kernel<at::native::AbsFunctor<float>, at::detail::Array<char*, 2> >(int, at::native::AbsFunctor<float>, at::detail::Array<char*, 2>) [clone .kd]",4,15040,3760,0.12697304203601273
"__amd_rocclr_fillBufferAligned.kd",3,14080,4693,0.1188683797783949
"void rocprim::detail::transform_kernel<256u, 8u, unsigned long, unsigned long*, int*, rocprim::identity<void> >(unsigned long*, unsigned long, int*, rocprim::identity<void>) [clone .kd]",2,12960,6480,0.10941294047784075
"void at::native::legacy::elementwise_kernel<512, 1, at::native::gpu_kernel_impl<at::native::direct_copy_kernel_cuda(at::TensorIteratorBase&)::{lambda()#2}::operator()() const::{lambda()#6}::operator()() const::{lambda(double)#1}>(at::TensorIteratorBase&, at::native::direct_copy_kernel_cuda(at::TensorIteratorBase&)::{lambda()#2}::operator()() const::{lambda()#6}::operator()() const::{lambda(double)#1} const&)::{lambda(int)#1}>(int, at::native::gpu_kernel_impl<at::native::direct_copy_kernel_cuda(at::TensorIteratorBase&)::{lambda()#2}::operator()() const::{lambda()#6}::operator()() const::{lambda(double)#1}>(at::TensorIteratorBase&, at::native::direct_copy_kernel_cuda(at::TensorIteratorBase&)::{lambda()#2}::operator()() const::{lambda()#6}::operator()() const::{lambda(double)#1} const&)::{lambda(int)#1}) [clone .kd]",2,11840,5920,0.09995750117728662
"void at::native::modern::elementwise_kernel<at::native::BinaryFunctor<float, float, bool, at::native::(anonymous namespace)::CompareEqFunctor<float> >, at::detail::Array<char*, 3> >(int, at::native::BinaryFunctor<float, float, bool, at::native::(anonymous namespace)::CompareEqFunctor<float> >, at::detail::Array<char*, 3>) [clone .kd]",2,8800,4400,0.07429273736149682
"void at::native::legacy::elementwise_kernel<128, 4, at::native::gpu_kernel_impl<at::native::BinaryFunctor<float, float, bool, at::native::(anonymous namespace)::CompareEqFunctor<float> > >(at::TensorIteratorBase&, at::native::BinaryFunctor<float, float, bool, at::native::(anonymous namespace)::CompareEqFunctor<float> > const&)::{lambda(int)#4}>(int, at::native::gpu_kernel_impl<at::native::BinaryFunctor<float, float, bool, at::native::(anonymous namespace)::CompareEqFunctor<float> > >(at::TensorIteratorBase&, at::native::BinaryFunctor<float, float, bool, at::native::(anonymous namespace)::CompareEqFunctor<float> > const&)::{lambda(int)#4}) [clone .kd]",2,8320,4160,0.07024040623268789
"void at::native::legacy::elementwise_kernel<128, 4, at::native::gpu_kernel_impl<at::native::BinaryFunctor<double, double, double, at::native::binary_internal::DivFunctor<double> > >(at::TensorIteratorBase&, at::native::BinaryFunctor<double, double, double, at::native::binary_internal::DivFunctor<double> > const&)::{lambda(int)#4}>(int, at::native::gpu_kernel_impl<at::native::BinaryFunctor<double, double, double, at::native::binary_internal::DivFunctor<double> > >(at::TensorIteratorBase&, at::native::BinaryFunctor<double, double, double, at::native::binary_internal::DivFunctor<double> > const&)::{lambda(int)#4}) [clone .kd]",2,8000,4000,0.06753885214681528
"void rocprim::detail::init_lookback_scan_state_kernel<rocprim::detail::lookback_scan_state<unsigned int, false, true> >(rocprim::detail::lookback_scan_state<unsigned int, false, true>, unsigned int, rocprim::detail::ordered_block_id<unsigned int>, unsigned int, rocprim::detail::lookback_scan_state<unsigned int, false, true>::value_type*) [clone .kd]",2,7200,3600,0.060784966932133755
"void at::native::legacy::elementwise_kernel<128, 4, at::native::gpu_kernel_impl<at::native::ceil_kernel_cuda(at::TensorIteratorBase&)::{lambda()#1}::operator()() const::{lambda()#2}::operator()() const::{lambda(float)#1}>(at::TensorIteratorBase&, at::native::ceil_kernel_cuda(at::TensorIteratorBase&)::{lambda()#1}::operator()() const::{lambda()#2}::operator()() const::{lambda(float)#1} const&)::{lambda(int)#4}>(int, at::native::gpu_kernel_impl<at::native::ceil_kernel_cuda(at::TensorIteratorBase&)::{lambda()#1}::operator()() const::{lambda()#2}::operator()() const::{lambda(float)#1}>(at::TensorIteratorBase&, at::native::ceil_kernel_cuda(at::TensorIteratorBase&)::{lambda()#1}::operator()() const::{lambda()#2}::operator()() const::{lambda(float)#1} const&)::{lambda(int)#4}) [clone .kd]",2,7040,3520,0.05943418988919745
